,RandomForestRegressor(),RandomForestRegressor()
0,0.859941739,0.108874639
1,0.84669686,0.112213094
2,0.850679833,0.110465407
3,0.858985852,0.109673897
4,0.855761184,0.111229771
5,0.846203795,0.112472047
6,0.825483039,0.119980431
7,0.84610802,0.111814007
8,0.838617416,0.116158845
9,0.833521502,0.117492017
avg,0.846199924,0.113037416
std,0.010052075,0.003286514
